{
	"format_version": "1.8.0",
	"animations": {
		"animation.light.hover": {
			"loop": true,
			"animation_length": 2,
			"bones": {
				"light": {
					"rotation": {
						"0.0": {
							"vector": [0, 0, 0]
						},
						"0.25": {
							"vector": [23.49762, -21.07593, 8.0634]
						},
						"0.5": {
							"vector": [59.68543, -28.06394, -18.39814]
						},
						"0.75": {
							"vector": [114.90128, -39.93777, -45.12664]
						},
						"1.0": {
							"vector": [187.85394, -54.24915, -65.95449]
						},
						"1.25": {
							"vector": [128.81622, -49.47849, -81.90474]
						},
						"1.5": {
							"vector": [84.23546, -45.73883, -73.31944]
						},
						"1.75": {
							"vector": [-26.50238, -21.07593, 8.0634]
						},
						"2.0": {
							"vector": [0, 0, 0]
						}
					},
					"position": {
						"0.0": {
							"vector": [0, 0, 0]
						},
						"0.375": {
							"vector": [0, 1.88, -1]
						},
						"0.625": {
							"vector": [-1, 3.13, -0.6]
						},
						"1.0": {
							"vector": [0, 5, 0]
						},
						"1.125": {
							"vector": [0, 4.38, 1]
						},
						"1.375": {
							"vector": [1, 3.13, 0.71]
						},
						"1.625": {
							"vector": [1.6, 1.88, -0.57]
						},
						"1.875": {
							"vector": [-0.47, 0.63, 0.81]
						},
						"2.0": {
							"vector": [0, 0, 0]
						}
					},
					"scale": {
						"0.0": {
							"vector": [1, 1, 1]
						},
						"0.4583": {
							"vector": [1.25, 1.25, 1.25]
						},
						"0.9167": {
							"vector": [0.75, 0.75, 0.75]
						},
						"1.4583": {
							"vector": [1.15, 1.15, 1.15]
						},
						"2.0": {
							"vector": [1, 1, 1]
						}
					}
				}
			}
		}
	}
}